,,,Target,Units
,,,A16-59,
Channel,Year,Month in Year,Share,
13 Ulica,2025,1,0.001743,
13 Ulica,2025,2,0.001778,
13 Ulica,2025,3,0.002346,
13 Ulica,2025,4,0.001942,
13 Ulica,2025,5,0.001986,
13 Ulica,2025,6,0.001908,
13 Ulica,2025,7,0.001363,
13 Ulica,2025,8,0.001338,
13 Ulica,2025,9,0.001640,
13 Ulica,2025,10,0.001508,
13 Ulica,2025,11,0.001722,
13 Ulica,2025,12,0.001528,
13 Ulica,2026,1,0.001607,
13 Ulica,2026,2,0.001948,
13 Ulica,2026,3,0.001865,
13 Ulica,2026,4,0.001539,
13 Ulica,2026,5,0.001600,
13 Ulica,2026,6,0.001159,
13 Ulica,2026,7,0.000602,
4FUN DANCE,2025,1,0.000382,
4FUN DANCE,2025,2,0.000377,
4FUN DANCE,2025,3,0.000485,
4FUN DANCE,2025,4,0.000373,
4FUN DANCE,2025,5,0.000367,
4FUN DANCE,2025,6,0.000549,
4FUN DANCE,2025,7,0.000561,
4FUN DANCE,2025,8,0.000458,
4FUN DANCE,2025,9,0.000419,
4FUN DANCE,2025,10,0.000415,
4FUN DANCE,2025,11,0.000420,
4FUN DANCE,2025,12,0.000379,
4FUN DANCE,2026,1,0.000370,
4FUN DANCE,2026,2,0.000423,
4FUN DANCE,2026,3,0.000433,
4FUN DANCE,2026,4,0.000483,
4FUN DANCE,2026,5,0.000441,
4FUN DANCE,2026,6,0.000738,
4FUN DANCE,2026,7,0.000260,
4FUN KIDS,2025,1,0.000699,
4FUN KIDS,2025,2,0.000908,
4FUN KIDS,2025,3,0.001344,
4FUN KIDS,2025,4,0.000904,
4FUN KIDS,2025,5,0.000639,
4FUN KIDS,2025,6,0.000687,
4FUN KIDS,2025,7,0.001024,
4FUN KIDS,2025,8,0.000471,
4FUN KIDS,2025,9,0.000388,
4FUN KIDS,2025,10,0.000570,
4FUN KIDS,2025,11,0.000585,
4FUN KIDS,2025,12,0.000418,
4FUN KIDS,2026,1,0.000210,
4FUN KIDS,2026,2,0.000227,
4FUN KIDS,2026,3,0.000247,
4FUN KIDS,2026,4,0.000285,
4FUN KIDS,2026,5,0.000919,
4FUN KIDS,2026,6,0.000539,
4FUN KIDS,2026,7,0.000223,
4FUN.TV,2025,1,0.002083,
4FUN.TV,2025,2,0.002119,
4FUN.TV,2025,3,0.001839,
4FUN.TV,2025,4,0.001825,
4FUN.TV,2025,5,0.002099,
4FUN.TV,2025,6,0.002022,
4FUN.TV,2025,7,0.002257,
4FUN.TV,2025,8,0.002059,
4FUN.TV,2025,9,0.001666,
4FUN.TV,2025,10,0.001862,
4FUN.TV,2025,11,0.001776,
4FUN.TV,2025,12,0.001159,
4FUN.TV,2026,1,0.001643,
4FUN.TV,2026,2,0.001494,
4FUN.TV,2026,3,0.001762,
4FUN.TV,2026,4,0.001837,
4FUN.TV,2026,5,0.002258,
4FUN.TV,2026,6,0.002005,
4FUN.TV,2026,7,0.001716,
Ale Kino+,2025,1,0.001483,
Ale Kino+,2025,2,0.001328,
Ale Kino+,2025,3,0.001192,
Ale Kino+,2025,4,0.001013,
Ale Kino+,2025,5,0.001081,
Ale Kino+,2025,6,0.001390,
Ale Kino+,2025,7,0.001264,
Ale Kino+,2025,8,0.001386,
Ale Kino+,2025,9,0.001184,
Ale Kino+,2025,10,0.001180,
Ale Kino+,2025,11,0.001173,
Ale Kino+,2025,12,0.001383,
Ale Kino+,2026,1,0.001649,
Ale Kino+,2026,2,0.001880,
Ale Kino+,2026,3,0.001408,
Ale Kino+,2026,4,0.001161,
Ale Kino+,2026,5,0.001274,
Ale Kino+,2026,6,0.001071,
Ale Kino+,2026,7,0.000478,
AMC,2025,1,0.001717,
AMC,2025,2,0.001498,
AMC,2025,3,0.001334,
AMC,2025,4,0.001677,
AMC,2025,5,0.001448,
AMC,2025,6,0.001077,
AMC,2025,7,0.001081,
AMC,2025,8,0.001296,
AMC,2025,9,0.001137,
AMC,2025,10,0.001284,
AMC,2025,11,0.001983,
AMC,2025,12,0.002016,
AMC,2026,1,0.002417,
AMC,2026,2,0.003548,
AMC,2026,3,0.001483,
AMC,2026,4,0.002359,
AMC,2026,5,0.002090,
AMC,2026,6,0.001735,
AMC,2026,7,0.000653,
AXN,2025,1,0.002674,
AXN,2025,2,0.002438,
AXN,2025,3,0.003121,
AXN,2025,4,0.003832,
AXN,2025,5,0.003339,
AXN,2025,6,0.003813,
AXN,2025,7,0.003589,
AXN,2025,8,0.002823,
AXN,2025,9,0.003044,
AXN,2025,10,0.003116,
AXN,2025,11,0.003059,
AXN,2025,12,0.003440,
AXN,2026,1,0.002885,
AXN,2026,2,0.002948,
AXN,2026,3,0.002601,
AXN,2026,4,0.003103,
AXN,2026,5,0.003219,
AXN,2026,6,0.002793,
AXN,2026,7,0.001759,
AXN Black,2025,1,0.001356,
AXN Black,2025,2,0.001685,
AXN Black,2025,3,0.001750,
AXN Black,2025,4,0.001853,
AXN Black,2025,5,0.002160,
AXN Black,2025,6,0.002087,
AXN Black,2025,7,0.001971,
AXN Black,2025,8,0.001884,
AXN Black,2025,9,0.001285,
AXN Black,2025,10,0.001629,
AXN Black,2025,11,0.001504,
AXN Black,2025,12,0.001322,
AXN Black,2026,1,0.001828,
AXN Black,2026,2,0.002027,
AXN Black,2026,3,0.001824,
AXN Black,2026,4,0.001196,
AXN Black,2026,5,0.001573,
AXN Black,2026,6,0.001617,
AXN Black,2026,7,0.000701,
AXN Spin,2025,1,0.000109,
AXN Spin,2025,2,0.000152,
AXN Spin,2025,3,0.000093,
AXN Spin,2025,4,0.000202,
AXN Spin,2025,5,0.000104,
AXN Spin,2025,6,0.000183,
AXN Spin,2025,7,0.000198,
AXN Spin,2025,8,0.000141,
AXN Spin,2025,9,0.000093,
AXN Spin,2025,10,0.000169,
AXN Spin,2025,11,0.000158,
AXN Spin,2025,12,0.000180,
AXN Spin,2026,1,0.000150,
AXN Spin,2026,2,0.000118,
AXN Spin,2026,3,0.000207,
AXN Spin,2026,4,0.000159,
AXN Spin,2026,5,0.000182,
AXN Spin,2026,6,0.000141,
AXN Spin,2026,7,0.000024,
AXN White,2025,1,0.000869,
AXN White,2025,2,0.000545,
AXN White,2025,3,0.000538,
AXN White,2025,4,0.000576,
AXN White,2025,5,0.000526,
AXN White,2025,6,0.000540,
AXN White,2025,7,0.000593,
AXN White,2025,8,0.000567,
AXN White,2025,9,0.000416,
AXN White,2025,10,0.000335,
AXN White,2025,11,0.001213,
AXN White,2025,12,0.001286,
AXN White,2026,1,0.000732,
AXN White,2026,2,0.000368,
AXN White,2026,3,0.000597,
AXN White,2026,4,0.000591,
AXN White,2026,5,0.000865,
AXN White,2026,6,0.000952,
AXN White,2026,7,0.000421,
BBC Brit,2025,1,0.000577,
BBC Brit,2025,2,0.000774,
BBC Brit,2025,3,0.000762,
BBC Brit,2025,4,0.000622,
BBC Brit,2025,5,0.000732,
BBC Brit,2025,6,0.000633,
BBC Brit,2025,7,0.000617,
BBC Brit,2025,8,0.000529,
BBC Brit,2025,9,0.000560,
BBC Brit,2025,10,0.000610,
BBC Brit,2025,11,0.000551,
BBC Brit,2025,12,0.000731,
BBC Brit,2026,1,0.000556,
BBC Brit,2026,2,0.000610,
BBC Brit,2026,3,0.000692,
BBC Brit,2026,4,0.000850,
BBC Brit,2026,5,0.000551,
BBC Brit,2026,6,0.000753,
BBC Brit,2026,7,0.000364,
BBC CBeebies,2025,1,0.001224,
BBC CBeebies,2025,2,0.000909,
BBC CBeebies,2025,3,0.001137,
BBC CBeebies,2025,4,0.000811,
BBC CBeebies,2025,5,0.001005,
BBC CBeebies,2025,6,0.001519,
BBC CBeebies,2025,7,0.001394,
BBC CBeebies,2025,8,0.001381,
BBC CBeebies,2025,9,0.001194,
BBC CBeebies,2025,10,0.000900,
BBC CBeebies,2025,11,0.001368,
BBC CBeebies,2025,12,0.001185,
BBC CBeebies,2026,1,0.001758,
BBC CBeebies,2026,2,0.001783,
BBC CBeebies,2026,3,0.001340,
BBC CBeebies,2026,4,0.000742,
BBC CBeebies,2026,5,0.001147,
BBC CBeebies,2026,6,0.001057,
BBC CBeebies,2026,7,0.001195,
BBC Earth,2025,1,0.001888,
BBC Earth,2025,2,0.002610,
BBC Earth,2025,3,0.001678,
BBC Earth,2025,4,0.001755,
BBC Earth,2025,5,0.001806,
BBC Earth,2025,6,0.001387,
BBC Earth,2025,7,0.001787,
BBC Earth,2025,8,0.001668,
BBC Earth,2025,9,0.001363,
BBC Earth,2025,10,0.001293,
BBC Earth,2025,11,0.001487,
BBC Earth,2025,12,0.001444,
BBC Earth,2026,1,0.001630,
BBC Earth,2026,2,0.001554,
BBC Earth,2026,3,0.001570,
BBC Earth,2026,4,0.001575,
BBC Earth,2026,5,0.001415,
BBC Earth,2026,6,0.001147,
BBC Earth,2026,7,0.001359,
BBC First,2025,1,0.001940,
BBC First,2025,2,0.001777,
BBC First,2025,3,0.001808,
BBC First,2025,4,0.001729,
BBC First,2025,5,0.002061,
BBC First,2025,6,0.002411,
BBC First,2025,7,0.002214,
BBC First,2025,8,0.002692,
BBC First,2025,9,0.001715,
BBC First,2025,10,0.001778,
BBC First,2025,11,0.001653,
BBC First,2025,12,0.001603,
BBC First,2026,1,0.002051,
BBC First,2026,2,0.001704,
BBC First,2026,3,0.002588,
BBC First,2026,4,0.003053,
BBC First,2026,5,0.002008,
BBC First,2026,6,0.001545,
BBC First,2026,7,0.000778,
BBC Lifestyle,2025,1,0.000678,
BBC Lifestyle,2025,2,0.000696,
BBC Lifestyle,2025,3,0.000922,
BBC Lifestyle,2025,4,0.000924,
BBC Lifestyle,2025,5,0.000999,
BBC Lifestyle,2025,6,0.000725,
BBC Lifestyle,2025,7,0.000895,
BBC Lifestyle,2025,8,0.001406,
BBC Lifestyle,2025,9,0.001191,
BBC Lifestyle,2025,10,0.000829,
BBC Lifestyle,2025,11,0.000831,
BBC Lifestyle,2025,12,0.000717,
BBC Lifestyle,2026,1,0.000684,
BBC Lifestyle,2026,2,0.000653,
BBC Lifestyle,2026,3,0.000455,
BBC Lifestyle,2026,4,0.000403,
BBC Lifestyle,2026,5,0.000640,
BBC Lifestyle,2026,6,0.000524,
BBC Lifestyle,2026,7,0.000200,
CANAL+ 360,2025,1,0.000815,
CANAL+ 360,2025,2,0.001124,
CANAL+ 360,2025,3,0.000933,
CANAL+ 360,2025,4,0.001115,
CANAL+ 360,2025,5,0.000860,
CANAL+ 360,2025,6,0.000692,
CANAL+ 360,2025,7,0.000893,
CANAL+ 360,2025,8,0.001094,
CANAL+ 360,2025,9,0.001011,
CANAL+ 360,2025,10,0.000958,
CANAL+ 360,2025,11,0.000844,
CANAL+ 360,2025,12,0.000828,
CANAL+ 360,2026,1,0.001040,
CANAL+ 360,2026,2,0.000998,
CANAL+ 360,2026,3,0.000968,
CANAL+ 360,2026,4,0.001015,
CANAL+ 360,2026,5,0.000923,
CANAL+ 360,2026,6,0.000822,
CANAL+ 360,2026,7,0.000848,
Canal+ Dokument,2026,1,0.000350,
Canal+ Dokument,2026,2,0.000294,
Canal+ Dokument,2026,3,0.000398,
Canal+ Dokument,2026,4,0.000279,
Canal+ Dokument,2026,5,0.000207,
Canal+ Dokument,2026,6,0.000203,
Canal+ Dokument,2026,7,0.000226,
CANAL+ DOMO,2025,1,0.001040,
CANAL+ DOMO,2025,2,0.000974,
CANAL+ DOMO,2025,3,0.001169,
CANAL+ DOMO,2025,4,0.001197,
CANAL+ DOMO,2025,5,0.001126,
CANAL+ DOMO,2025,6,0.001045,
CANAL+ DOMO,2025,7,0.001318,
CANAL+ DOMO,2025,8,0.001157,
CANAL+ DOMO,2025,9,0.001003,
CANAL+ DOMO,2025,10,0.001141,
CANAL+ DOMO,2025,11,0.001030,
CANAL+ DOMO,2025,12,0.001092,
CANAL+ DOMO,2026,1,0.001252,
CANAL+ DOMO,2026,2,0.001099,
CANAL+ DOMO,2026,3,0.001092,
CANAL+ DOMO,2026,4,0.000981,
CANAL+ DOMO,2026,5,0.001051,
CANAL+ DOMO,2026,6,0.001032,
CANAL+ DOMO,2026,7,0.000445,
CANAL+ Extra 1,2025,1,0.000606,
CANAL+ Extra 1,2025,2,0.000453,
CANAL+ Extra 1,2025,3,0.000888,
CANAL+ Extra 1,2025,4,0.001120,
CANAL+ Extra 1,2025,5,0.000813,
CANAL+ Extra 1,2025,6,0.000095,
CANAL+ Extra 1,2025,7,0.000083,
CANAL+ Extra 1,2025,8,0.000581,
CANAL+ Extra 1,2025,9,0.000835,
CANAL+ Extra 1,2025,10,0.000824,
CANAL+ Extra 1,2025,11,0.001282,
CANAL+ Extra 1,2025,12,0.000980,
CANAL+ Extra 1,2026,1,0.001044,
CANAL+ Extra 1,2026,2,0.000962,
CANAL+ Extra 1,2026,3,0.000914,
CANAL+ Extra 1,2026,4,0.002026,
CANAL+ Extra 1,2026,5,0.001401,
CANAL+ Extra 1,2026,6,0.000026,
CANAL+ Extra 1,2026,7,0.000007,
CANAL+ EXTRA 2,2025,8,0.000100,
CANAL+ EXTRA 2,2025,9,0.000267,
CANAL+ EXTRA 2,2025,10,0.000197,
CANAL+ EXTRA 2,2025,11,0.000244,
CANAL+ EXTRA 2,2025,12,0.000227,
CANAL+ EXTRA 2,2026,1,0.000447,
CANAL+ EXTRA 2,2026,2,0.000429,
CANAL+ EXTRA 2,2026,3,0.000366,
CANAL+ EXTRA 2,2026,4,0.000074,
CANAL+ EXTRA 2,2026,5,0.000059,
CANAL+ EXTRA 2,2026,6,0.000014,
CANAL+ EXTRA 2,2026,7,0.000006,
CANAL+ KUCHNIA,2025,1,0.000819,
CANAL+ KUCHNIA,2025,2,0.000829,
CANAL+ KUCHNIA,2025,3,0.000748,
CANAL+ KUCHNIA,2025,4,0.000874,
CANAL+ KUCHNIA,2025,5,0.001274,
CANAL+ KUCHNIA,2025,6,0.001541,
CANAL+ KUCHNIA,2025,7,0.001657,
CANAL+ KUCHNIA,2025,8,0.001752,
CANAL+ KUCHNIA,2025,9,0.001095,
CANAL+ KUCHNIA,2025,10,0.001691,
CANAL+ KUCHNIA,2025,11,0.001490,
CANAL+ KUCHNIA,2025,12,0.001516,
CANAL+ KUCHNIA,2026,1,0.001008,
CANAL+ KUCHNIA,2026,2,0.000999,
CANAL+ KUCHNIA,2026,3,0.000921,
CANAL+ KUCHNIA,2026,4,0.000927,
CANAL+ KUCHNIA,2026,5,0.000997,
CANAL+ KUCHNIA,2026,6,0.001093,
CANAL+ KUCHNIA,2026,7,0.000552,
Canal+ Seriale,2025,12,0.000060,
Canal+ Seriale,2026,1,0.000209,
Canal+ Seriale,2026,2,0.000137,
Canal+ Seriale,2026,3,0.000141,
Canal+ Seriale,2026,4,0.000134,
Canal+ Seriale,2026,5,0.000126,
Canal+ Seriale,2026,6,0.000149,
Canal+ Seriale,2026,7,0.000081,
Canal+ Sport,2025,1,0.000598,
Canal+ Sport,2025,2,0.000999,
Canal+ Sport,2025,3,0.000965,
Canal+ Sport,2025,4,0.001394,
Canal+ Sport,2025,5,0.001424,
Canal+ Sport,2025,6,0.000829,
Canal+ Sport,2025,7,0.000555,
Canal+ Sport,2025,8,0.001348,
Canal+ Sport,2025,9,0.001382,
Canal+ Sport,2025,10,0.000916,
Canal+ Sport,2025,11,0.000707,
Canal+ Sport,2025,12,0.000505,
Canal+ Sport,2026,1,0.000711,
Canal+ Sport,2026,2,0.000686,
Canal+ Sport,2026,3,0.000681,
Canal+ Sport,2026,4,0.001900,
Canal+ Sport,2026,5,0.001989,
Canal+ Sport,2026,6,0.000906,
Canal+ Sport,2026,7,0.000046,
Canal+ Sport2,2025,1,0.000186,
Canal+ Sport2,2025,2,0.001144,
Canal+ Sport2,2025,3,0.001539,
Canal+ Sport2,2025,4,0.000957,
Canal+ Sport2,2025,5,0.000743,
Canal+ Sport2,2025,6,0.000909,
Canal+ Sport2,2025,7,0.000288,
Canal+ Sport2,2025,8,0.001332,
Canal+ Sport2,2025,9,0.000804,
Canal+ Sport2,2025,10,0.000604,
Canal+ Sport2,2025,11,0.000530,
Canal+ Sport2,2025,12,0.000089,
Canal+ Sport2,2026,1,0.000086,
Canal+ Sport2,2026,2,0.000423,
Canal+ Sport2,2026,3,0.000915,
Canal+ Sport2,2026,4,0.000865,
Canal+ Sport2,2026,5,0.000919,
Canal+ Sport2,2026,6,0.000213,
Canal+ Sport2,2026,7,0.000014,
CANAL+ SPORT3,2025,1,0.000249,
CANAL+ SPORT3,2025,2,0.002158,
CANAL+ SPORT3,2025,3,0.001824,
CANAL+ SPORT3,2025,4,0.002432,
CANAL+ SPORT3,2025,5,0.001769,
CANAL+ SPORT3,2025,6,0.000035,
CANAL+ SPORT3,2025,7,0.001373,
CANAL+ SPORT3,2025,8,0.002636,
CANAL+ SPORT3,2025,9,0.001933,
CANAL+ SPORT3,2025,10,0.001887,
CANAL+ SPORT3,2025,11,0.001977,
CANAL+ SPORT3,2025,12,0.001095,
CANAL+ SPORT3,2026,1,0.000438,
CANAL+ SPORT3,2026,2,0.003063,
CANAL+ SPORT3,2026,3,0.002638,
CANAL+ SPORT3,2026,4,0.002997,
CANAL+ SPORT3,2026,5,0.002794,
CANAL+ SPORT3,2026,6,0.000055,
CANAL+ SPORT3,2026,7,0.000068,
CANAL+ SPORT4,2025,1,0.000057,
CANAL+ SPORT4,2025,2,0.000085,
CANAL+ SPORT4,2025,3,0.000083,
CANAL+ SPORT4,2025,4,0.000127,
CANAL+ SPORT4,2025,5,0.000175,
CANAL+ SPORT4,2025,6,0.000042,
CANAL+ SPORT4,2025,7,0.000065,
CANAL+ SPORT4,2025,8,0.000315,
CANAL+ SPORT4,2025,9,0.000139,
CANAL+ SPORT4,2025,10,0.000107,
CANAL+ SPORT4,2025,11,0.000193,
CANAL+ SPORT4,2025,12,0.000068,
CANAL+ SPORT4,2026,1,0.000030,
CANAL+ SPORT4,2026,2,0.000111,
CANAL+ SPORT4,2026,3,0.000069,
CANAL+ SPORT4,2026,4,0.000229,
CANAL+ SPORT4,2026,5,0.000243,
CANAL+ SPORT4,2026,6,0.000053,
CANAL+ SPORT4,2026,7,0.000050,
Canal+ SPORT5,2025,1,0.000270,
Canal+ SPORT5,2025,2,0.000475,
Canal+ SPORT5,2025,3,0.000505,
Canal+ SPORT5,2025,4,0.001514,
Canal+ SPORT5,2025,5,0.001186,
Canal+ SPORT5,2025,6,0.001848,
Canal+ SPORT5,2025,7,0.001617,
Canal+ SPORT5,2025,8,0.001415,
Canal+ SPORT5,2025,9,0.001155,
Canal+ SPORT5,2025,10,0.000518,
Canal+ SPORT5,2025,11,0.000344,
Canal+ SPORT5,2025,12,0.000264,
Canal+ SPORT5,2026,1,0.000197,
Canal+ SPORT5,2026,2,0.000470,
Canal+ SPORT5,2026,3,0.000644,
Canal+ SPORT5,2026,4,0.002111,
Canal+ SPORT5,2026,5,0.002227,
Canal+ SPORT5,2026,6,0.001541,
Canal+ SPORT5,2026,7,0.000197,
CI Polsat,2025,1,0.001670,
CI Polsat,2025,2,0.001416,
CI Polsat,2025,3,0.001085,
CI Polsat,2025,4,0.001048,
CI Polsat,2025,5,0.000980,
CI Polsat,2025,6,0.000903,
CI Polsat,2025,7,0.000970,
CI Polsat,2025,8,0.001015,
CI Polsat,2025,9,0.001185,
CI Polsat,2025,10,0.001041,
CI Polsat,2025,11,0.001232,
CI Polsat,2025,12,0.001209,
CI Polsat,2026,1,0.000882,
CI Polsat,2026,2,0.001597,
CI Polsat,2026,3,0.001176,
CI Polsat,2026,4,0.001147,
CI Polsat,2026,5,0.000963,
CI Polsat,2026,6,0.000928,
CI Polsat,2026,7,0.000759,
Da Vinci,2025,1,0.000153,
Da Vinci,2025,2,0.000106,
Da Vinci,2025,3,0.000116,
Da Vinci,2025,4,0.000097,
Da Vinci,2025,5,0.000095,
Da Vinci,2025,6,0.000069,
Da Vinci,2025,7,0.000056,
Da Vinci,2025,8,0.000083,
Da Vinci,2025,9,0.000072,
Da Vinci,2025,10,0.000074,
Da Vinci,2025,11,0.000084,
Da Vinci,2025,12,0.000040,
Da Vinci,2026,1,0.000110,
Da Vinci,2026,2,0.000065,
Da Vinci,2026,3,0.000043,
Da Vinci,2026,4,0.000187,
Da Vinci,2026,5,0.000044,
Da Vinci,2026,6,0.000046,
Da Vinci,2026,7,0.000030,
Disco Polo Music,2025,1,0.000739,
Disco Polo Music,2025,2,0.001017,
Disco Polo Music,2025,3,0.000939,
Disco Polo Music,2025,4,0.000943,
Disco Polo Music,2025,5,0.001100,
Disco Polo Music,2025,6,0.001171,
Disco Polo Music,2025,7,0.000984,
Disco Polo Music,2025,8,0.000991,
Disco Polo Music,2025,9,0.000649,
Disco Polo Music,2025,10,0.000593,
Disco Polo Music,2025,11,0.000605,
Disco Polo Music,2025,12,0.000855,
Disco Polo Music,2026,1,0.000740,
Disco Polo Music,2026,2,0.000617,
Disco Polo Music,2026,3,0.000566,
Disco Polo Music,2026,4,0.000578,
Disco Polo Music,2026,5,0.000422,
Disco Polo Music,2026,6,0.000801,
Disco Polo Music,2026,7,0.000284,
DocuBox,2025,11,0.000067,
DocuBox,2025,12,0.000076,
DocuBox,2026,1,0.000095,
DocuBox,2026,2,0.000076,
DocuBox,2026,3,0.000059,
DocuBox,2026,4,0.000092,
DocuBox,2026,5,0.000060,
DocuBox,2026,6,0.000052,
DocuBox,2026,7,0.000018,
E!Entertainment,2025,1,0.000133,
E!Entertainment,2025,2,0.000162,
E!Entertainment,2025,3,0.000102,
E!Entertainment,2025,4,0.000071,
E!Entertainment,2025,5,0.000090,
E!Entertainment,2025,6,0.000122,
E!Entertainment,2025,7,0.000100,
E!Entertainment,2025,8,0.000183,
E!Entertainment,2025,9,0.000139,
E!Entertainment,2025,10,0.000129,
E!Entertainment,2025,11,0.000094,
E!Entertainment,2025,12,0.000100,
E!Entertainment,2026,1,0.000068,
E!Entertainment,2026,2,0.000155,
E!Entertainment,2026,3,0.000078,
E!Entertainment,2026,4,0.000068,
E!Entertainment,2026,5,0.000072,
E!Entertainment,2026,6,0.000081,
E!Entertainment,2026,7,0.000066,
Eleven Sports 1,2025,1,0.002233,
Eleven Sports 1,2025,2,0.002602,
Eleven Sports 1,2025,3,0.002624,
Eleven Sports 1,2025,4,0.003065,
Eleven Sports 1,2025,5,0.003941,
Eleven Sports 1,2025,6,0.002058,
Eleven Sports 1,2025,7,0.001715,
Eleven Sports 1,2025,8,0.002257,
Eleven Sports 1,2025,9,0.002611,
Eleven Sports 1,2025,10,0.002859,
Eleven Sports 1,2025,11,0.002106,
Eleven Sports 1,2025,12,0.002336,
Eleven Sports 1,2026,1,0.002738,
Eleven Sports 1,2026,2,0.002333,
Eleven Sports 1,2026,3,0.002698,
Eleven Sports 1,2026,4,0.001933,
Eleven Sports 1,2026,5,0.002680,
Eleven Sports 1,2026,6,0.001889,
Eleven Sports 1,2026,7,0.000057,
Eleven Sports 2,2025,1,0.000461,
Eleven Sports 2,2025,2,0.000474,
Eleven Sports 2,2025,3,0.000510,
Eleven Sports 2,2025,4,0.001050,
Eleven Sports 2,2025,5,0.000700,
Eleven Sports 2,2025,6,0.000186,
Eleven Sports 2,2025,7,0.000135,
Eleven Sports 2,2025,8,0.000779,
Eleven Sports 2,2025,9,0.000401,
Eleven Sports 2,2025,10,0.000710,
Eleven Sports 2,2025,11,0.000697,
Eleven Sports 2,2025,12,0.000370,
Eleven Sports 2,2026,1,0.001061,
Eleven Sports 2,2026,2,0.000756,
Eleven Sports 2,2026,3,0.000423,
Eleven Sports 2,2026,4,0.000403,
Eleven Sports 2,2026,5,0.000500,
Eleven Sports 2,2026,6,0.000038,
Eleven Sports 2,2026,7,0.000011,
Eska Extra [Eska TV],2025,1,0.000526,
Eska Extra [Eska TV],2025,2,0.000408,
Eska Extra [Eska TV],2025,3,0.000333,
Eska Extra [Eska TV],2025,4,0.000314,
Eska Extra [Eska TV],2025,5,0.000381,
Eska Extra [Eska TV],2025,6,0.000383,
Eska Extra [Eska TV],2025,7,0.000489,
Eska Extra [Eska TV],2025,8,0.000405,
Eska Extra [Eska TV],2025,9,0.000220,
Eska Extra [Eska TV],2025,10,0.000309,
Eska Extra [Eska TV],2025,11,0.000371,
Eska Extra [Eska TV],2025,12,0.000365,
Eska Extra [Eska TV],2026,1,0.000417,
Eska Extra [Eska TV],2026,2,0.000456,
Eska Extra [Eska TV],2026,3,0.000353,
Eska Extra [Eska TV],2026,4,0.000382,
Eska Extra [Eska TV],2026,5,0.000380,
Eska Extra [Eska TV],2026,6,0.000427,
Eska Extra [Eska TV],2026,7,0.000443,
Eska Rock TV,2025,1,0.000191,
Eska Rock TV,2025,2,0.000187,
Eska Rock TV,2025,3,0.000186,
Eska Rock TV,2025,4,0.000137,
Eska Rock TV,2025,5,0.000136,
Eska Rock TV,2025,6,0.000202,
Eska Rock TV,2025,7,0.000156,
Eska Rock TV,2025,8,0.000223,
Eska Rock TV,2025,9,0.000293,
Eska Rock TV,2025,10,0.000242,
Eska Rock TV,2025,11,0.000443,
Eska Rock TV,2025,12,0.000519,
Eska Rock TV,2026,1,0.000467,
Eska Rock TV,2026,2,0.000379,
Eska Rock TV,2026,3,0.000352,
Eska Rock TV,2026,4,0.000306,
Eska Rock TV,2026,5,0.000157,
Eska Rock TV,2026,6,0.000182,
Eska Rock TV,2026,7,0.000016,
Eska TV [8TV],2025,1,0.003585,
Eska TV [8TV],2025,2,0.004237,
Eska TV [8TV],2025,3,0.003259,
Eska TV [8TV],2025,4,0.003491,
Eska TV [8TV],2025,5,0.003290,
Eska TV [8TV],2025,6,0.003268,
Eska TV [8TV],2025,7,0.005066,
Eska TV [8TV],2025,8,0.004234,
Eska TV [8TV],2025,9,0.003157,
Eska TV [8TV],2025,10,0.003165,
Eska TV [8TV],2025,11,0.002967,
Eska TV [8TV],2025,12,0.003650,
Eska TV [8TV],2026,1,0.002654,
Eska TV [8TV],2026,2,0.003458,
Eska TV [8TV],2026,3,0.003415,
Eska TV [8TV],2026,4,0.003174,
Eska TV [8TV],2026,5,0.004361,
Eska TV [8TV],2026,6,0.005053,
Eska TV [8TV],2026,7,0.003559,
Extreme Sports,2025,1,0.000049,
Extreme Sports,2025,2,0.000019,
Extreme Sports,2025,3,0.000020,
Extreme Sports,2025,4,0.000072,
Extreme Sports,2025,5,0.000029,
Extreme Sports,2025,6,0.000025,
Extreme Sports,2025,7,0.000021,
Extreme Sports,2025,8,0.000021,
Extreme Sports,2025,9,0.000014,
Extreme Sports,2025,10,0.000034,
Extreme Sports,2025,11,0.000054,
Extreme Sports,2025,12,0.000036,
Extreme Sports,2026,1,0.000044,
Extreme Sports,2026,2,0.000052,
Extreme Sports,2026,3,0.000033,
Extreme Sports,2026,4,0.000029,
Extreme Sports,2026,5,0.000022,
Extreme Sports,2026,6,0.000028,
Extreme Sports,2026,7,0.000005,
FILMBOX+ Action,2026,1,0.000215,
FILMBOX+ Action,2026,2,0.000305,
FILMBOX+ Action,2026,3,0.000278,
FILMBOX+ Action,2026,4,0.000282,
FILMBOX+ Action,2026,5,0.000272,
FILMBOX+ Action,2026,6,0.000485,
FILMBOX+ Action,2026,7,0.000435,
FILMBOX+ Comedy,2026,1,0.000168,
FILMBOX+ Comedy,2026,2,0.000213,
FILMBOX+ Comedy,2026,3,0.000234,
FILMBOX+ Comedy,2026,4,0.000166,
FILMBOX+ Comedy,2026,5,0.000143,
FILMBOX+ Comedy,2026,6,0.000351,
FILMBOX+ Comedy,2026,7,0.000158,
FILMBOX+ Emotion,2026,1,0.000197,
FILMBOX+ Emotion,2026,2,0.000170,
FILMBOX+ Emotion,2026,3,0.000101,
FILMBOX+ Emotion,2026,4,0.000155,
FILMBOX+ Emotion,2026,5,0.000138,
FILMBOX+ Emotion,2026,6,0.000284,
FILMBOX+ Emotion,2026,7,0.000173,
FILMBOX+ Hits,2025,1,0.000355,
FILMBOX+ Hits,2025,2,0.000293,
FILMBOX+ Hits,2025,3,0.000293,
FILMBOX+ Hits,2025,4,0.000334,
FILMBOX+ Hits,2025,5,0.000335,
FILMBOX+ Hits,2025,6,0.000258,
FILMBOX+ Hits,2025,7,0.000388,
FILMBOX+ Hits,2025,8,0.000301,
FILMBOX+ Hits,2025,9,0.000182,
FILMBOX+ Hits,2025,10,0.000227,
FILMBOX+ Hits,2025,11,0.000204,
FILMBOX+ Hits,2025,12,0.000261,
FILMBOX+ Hits,2026,1,0.000226,
FILMBOX+ Hits,2026,2,0.000263,
FILMBOX+ Hits,2026,3,0.000166,
FILMBOX+ Hits,2026,4,0.000230,
FILMBOX+ Hits,2026,5,0.000138,
FILMBOX+ Hits,2026,6,0.000220,
FILMBOX+ Hits,2026,7,0.000447,
FILMBOX+ One,2025,1,0.003739,
FILMBOX+ One,2025,2,0.003087,
FILMBOX+ One,2025,3,0.003413,
FILMBOX+ One,2025,4,0.002922,
FILMBOX+ One,2025,5,0.002492,
FILMBOX+ One,2025,6,0.002682,
FILMBOX+ One,2025,7,0.003016,
FILMBOX+ One,2025,8,0.002606,
FILMBOX+ One,2025,9,0.001925,
FILMBOX+ One,2025,10,0.003081,
FILMBOX+ One,2025,11,0.002873,
FILMBOX+ One,2025,12,0.003120,
FILMBOX+ One,2026,1,0.002601,
FILMBOX+ One,2026,2,0.003363,
FILMBOX+ One,2026,3,0.002812,
FILMBOX+ One,2026,4,0.002370,
FILMBOX+ One,2026,5,0.001927,
FILMBOX+ One,2026,6,0.002016,
FILMBOX+ One,2026,7,0.000961,
Fokus TV,2025,1,0.009639,
Fokus TV,2025,2,0.010458,
Fokus TV,2025,3,0.009481,
Fokus TV,2025,4,0.007932,
Fokus TV,2025,5,0.008349,
Fokus TV,2025,6,0.009560,
Fokus TV,2025,7,0.009300,
Fokus TV,2025,8,0.009075,
Fokus TV,2025,9,0.007742,
Fokus TV,2025,10,0.008474,
Fokus TV,2025,11,0.009303,
Fokus TV,2025,12,0.009366,
Fokus TV,2026,1,0.009050,
Fokus TV,2026,2,0.008526,
Fokus TV,2026,3,0.008125,
Fokus TV,2026,4,0.007369,
Fokus TV,2026,5,0.008430,
Fokus TV,2026,6,0.008547,
Fokus TV,2026,7,0.008872,
Gametoon,2025,1,0.000103,
Gametoon,2025,2,0.000064,
Gametoon,2025,3,0.000079,
Gametoon,2025,4,0.000036,
Gametoon,2025,5,0.000028,
Gametoon,2025,6,0.000041,
Gametoon,2025,7,0.000025,
Gametoon,2025,8,0.000039,
Gametoon,2025,9,0.000028,
Gametoon,2025,10,0.000041,
Gametoon,2025,11,0.000032,
Gametoon,2025,12,0.000021,
Gametoon,2026,1,0.000028,
Gametoon,2026,2,0.000024,
Gametoon,2026,3,0.000025,
Gametoon,2026,4,0.000012,
Gametoon,2026,5,0.000018,
Gametoon,2026,6,0.000024,
Gametoon,2026,7,0.000007,
Golf Zone,2025,1,0.000032,
Golf Zone,2025,2,0.000056,
Golf Zone,2025,3,0.000054,
Golf Zone,2025,4,0.000051,
Golf Zone,2025,5,0.000034,
Golf Zone,2025,6,0.000034,
Golf Zone,2025,7,0.000040,
Golf Zone,2025,8,0.000058,
Golf Zone,2025,9,0.000086,
Golf Zone,2025,10,0.000049,
Golf Zone,2025,11,0.000044,
Golf Zone,2025,12,0.000043,
Golf Zone,2026,1,0.000050,
Golf Zone,2026,2,0.000052,
Golf Zone,2026,3,0.000048,
Golf Zone,2026,4,0.000064,
Golf Zone,2026,5,0.000045,
Golf Zone,2026,6,0.000050,
Golf Zone,2026,7,0.000033,
History,2025,1,0.002987,
History,2025,2,0.003309,
History,2025,3,0.003228,
History,2025,4,0.003132,
History,2025,5,0.003202,
History,2025,6,0.003564,
History,2025,7,0.003731,
History,2025,8,0.003083,
History,2025,9,0.002925,
History,2025,10,0.003067,
History,2025,11,0.003076,
History,2025,12,0.002849,
History,2026,1,0.002876,
History,2026,2,0.003170,
History,2026,3,0.003112,
History,2026,4,0.003571,
History,2026,5,0.004182,
History,2026,6,0.003574,
History,2026,7,0.004268,
History2 [H2],2025,1,0.001492,
History2 [H2],2025,2,0.001600,
History2 [H2],2025,3,0.001514,
History2 [H2],2025,4,0.001871,
History2 [H2],2025,5,0.001836,
History2 [H2],2025,6,0.002013,
History2 [H2],2025,7,0.002399,
History2 [H2],2025,8,0.002190,
History2 [H2],2025,9,0.002049,
History2 [H2],2025,10,0.001954,
History2 [H2],2025,11,0.001714,
History2 [H2],2025,12,0.001612,
History2 [H2],2026,1,0.001773,
History2 [H2],2026,2,0.001536,
History2 [H2],2026,3,0.002234,
History2 [H2],2026,4,0.001998,
History2 [H2],2026,5,0.002054,
History2 [H2],2026,6,0.001714,
History2 [H2],2026,7,0.002701,
Kino Polska,2025,1,0.003091,
Kino Polska,2025,2,0.002584,
Kino Polska,2025,3,0.002683,
Kino Polska,2025,4,0.002973,
Kino Polska,2025,5,0.002793,
Kino Polska,2025,6,0.002743,
Kino Polska,2025,7,0.003008,
Kino Polska,2025,8,0.003464,
Kino Polska,2025,9,0.003314,
Kino Polska,2025,10,0.002816,
Kino Polska,2025,11,0.003520,
Kino Polska,2025,12,0.003273,
Kino Polska,2026,1,0.003144,
Kino Polska,2026,2,0.002484,
Kino Polska,2026,3,0.002272,
Kino Polska,2026,4,0.002887,
Kino Polska,2026,5,0.002488,
Kino Polska,2026,6,0.003078,
Kino Polska,2026,7,0.003030,
Kino Polska Muzyka,2025,1,0.000709,
Kino Polska Muzyka,2025,2,0.000589,
Kino Polska Muzyka,2025,3,0.000459,
Kino Polska Muzyka,2025,4,0.000456,
Kino Polska Muzyka,2025,5,0.000561,
Kino Polska Muzyka,2025,6,0.000502,
Kino Polska Muzyka,2025,7,0.000533,
Kino Polska Muzyka,2025,8,0.000447,
Kino Polska Muzyka,2025,9,0.000294,
Kino Polska Muzyka,2025,10,0.000361,
Kino Polska Muzyka,2025,11,0.000360,
Kino Polska Muzyka,2025,12,0.000492,
Kino Polska Muzyka,2026,1,0.000273,
Kino Polska Muzyka,2026,2,0.000342,
Kino Polska Muzyka,2026,3,0.000354,
Kino Polska Muzyka,2026,4,0.000364,
Kino Polska Muzyka,2026,5,0.000381,
Kino Polska Muzyka,2026,6,0.000308,
Kino Polska Muzyka,2026,7,0.000056,
MiniMini+,2025,1,0.001510,
MiniMini+,2025,2,0.001917,
MiniMini+,2025,3,0.002295,
MiniMini+,2025,4,0.002098,
MiniMini+,2025,5,0.002224,
MiniMini+,2025,6,0.002235,
MiniMini+,2025,7,0.002510,
MiniMini+,2025,8,0.002353,
MiniMini+,2025,9,0.002431,
MiniMini+,2025,10,0.002284,
MiniMini+,2025,11,0.002826,
MiniMini+,2025,12,0.002712,
MiniMini+,2026,1,0.001289,
MiniMini+,2026,2,0.001297,
MiniMini+,2026,3,0.001211,
MiniMini+,2026,4,0.001465,
MiniMini+,2026,5,0.002081,
MiniMini+,2026,6,0.001640,
MiniMini+,2026,7,0.001732,
Novela TV,2025,1,0.000184,
Novela TV,2025,2,0.000047,
Novela TV,2025,3,0.000121,
Novela TV,2025,4,0.000041,
Novela TV,2025,5,0.000061,
Novela TV,2025,6,0.000067,
Novela TV,2025,7,0.000134,
Novela TV,2025,8,0.000148,
Novela TV,2025,9,0.000085,
Novela TV,2025,10,0.000099,
Novela TV,2025,11,0.000078,
Novela TV,2025,12,0.000077,
Novela TV,2026,1,0.000106,
Novela TV,2026,2,0.000061,
Novela TV,2026,3,0.000117,
Novela TV,2026,4,0.000063,
Novela TV,2026,5,0.000036,
Novela TV,2026,6,0.000082,
Novela TV,2026,7,0.000030,
Novelas,2025,1,0.001272,
Novelas,2025,2,0.001153,
Novelas,2025,3,0.001316,
Novelas,2025,4,0.001440,
Novelas,2025,5,0.001600,
Novelas,2025,6,0.001642,
Novelas,2025,7,0.002851,
Novelas,2025,8,0.002786,
Novelas,2025,9,0.002729,
Novelas,2025,10,0.001924,
Novelas,2025,11,0.000845,
Novelas,2025,12,0.001860,
Novelas,2026,1,0.002415,
Novelas,2026,2,0.002567,
Novelas,2026,3,0.002136,
Novelas,2026,4,0.001664,
Novelas,2026,5,0.001590,
Novelas,2026,6,0.002151,
Novelas,2026,7,0.003454,
Novelas+1,2025,1,0.000236,
Novelas+1,2025,2,0.000395,
Novelas+1,2025,3,0.000157,
Novelas+1,2025,4,0.000218,
Novelas+1,2025,5,0.000130,
Novelas+1,2025,6,0.000075,
Novelas+1,2025,7,0.000074,
Novelas+1,2025,8,0.000036,
Novelas+1,2025,9,0.000065,
Novelas+1,2025,10,0.000066,
Novelas+1,2025,11,0.000009,
Novelas+1,2025,12,0.000008,
Novelas+1,2026,1,0.000052,
Novelas+1,2026,2,0.000134,
Novelas+1,2026,3,0.000133,
Novelas+1,2026,4,0.000100,
Novelas+1,2026,5,0.000154,
Novelas+1,2026,6,0.000173,
Novelas+1,2026,7,0.000138,
Nowa TV,2025,1,0.004586,
Nowa TV,2025,2,0.004180,
Nowa TV,2025,3,0.003548,
Nowa TV,2025,4,0.004006,
Nowa TV,2025,5,0.003506,
Nowa TV,2025,6,0.004556,
Nowa TV,2025,7,0.004574,
Nowa TV,2025,8,0.004463,
Nowa TV,2025,9,0.004238,
Nowa TV,2025,10,0.004280,
Nowa TV,2025,11,0.004002,
Nowa TV,2025,12,0.004216,
Nowa TV,2026,1,0.004040,
Nowa TV,2026,2,0.004189,
Nowa TV,2026,3,0.003489,
Nowa TV,2026,4,0.003468,
Nowa TV,2026,5,0.003168,
Nowa TV,2026,6,0.003253,
Nowa TV,2026,7,0.003696,
Planete+,2025,1,0.001278,
Planete+,2025,2,0.001548,
Planete+,2025,3,0.001243,
Planete+,2025,4,0.001551,
Planete+,2025,5,0.001136,
Planete+,2025,6,0.001384,
Planete+,2025,7,0.001602,
Planete+,2025,8,0.001314,
Planete+,2025,9,0.001148,
Planete+,2025,10,0.001152,
Planete+,2025,11,0.001188,
Planete+,2025,12,0.001204,
Planete+,2026,1,0.001568,
Planete+,2026,2,0.001567,
Planete+,2026,3,0.001383,
Planete+,2026,4,0.001375,
Planete+,2026,5,0.001403,
Planete+,2026,6,0.001353,
Planete+,2026,7,0.001189,
Polo TV,2025,1,0.004722,
Polo TV,2025,2,0.004012,
Polo TV,2025,3,0.004359,
Polo TV,2025,4,0.004161,
Polo TV,2025,5,0.005040,
Polo TV,2025,6,0.004790,
Polo TV,2025,7,0.004803,
Polo TV,2025,8,0.005724,
Polo TV,2025,9,0.004929,
Polo TV,2025,10,0.003052,
Polo TV,2025,11,0.003387,
Polo TV,2025,12,0.004628,
Polo TV,2026,1,0.003395,
Polo TV,2026,2,0.002886,
Polo TV,2026,3,0.002540,
Polo TV,2026,4,0.002596,
Polo TV,2026,5,0.003254,
Polo TV,2026,6,0.003777,
Polo TV,2026,7,0.005743,
Polonia 1,2025,1,0.000221,
Polonia 1,2025,2,0.000216,
Polonia 1,2025,3,0.000215,
Polonia 1,2025,4,0.000277,
Polonia 1,2025,5,0.000157,
Polonia 1,2025,6,0.000260,
Polonia 1,2025,7,0.000235,
Polonia 1,2025,8,0.000297,
Polonia 1,2025,9,0.000326,
Polonia 1,2025,10,0.000246,
Polonia 1,2025,11,0.000256,
Polonia 1,2025,12,0.000324,
Polonia 1,2026,1,0.000228,
Polonia 1,2026,2,0.000174,
Polonia 1,2026,3,0.000245,
Polonia 1,2026,4,0.000275,
Polonia 1,2026,5,0.000317,
Polonia 1,2026,6,0.000392,
Polonia 1,2026,7,0.000327,
Polsat,2025,1,0.075276,
Polsat,2025,2,0.074457,
Polsat,2025,3,0.075860,
Polsat,2025,4,0.075780,
Polsat,2025,5,0.071543,
Polsat,2025,6,0.071777,
Polsat,2025,7,0.067556,
Polsat,2025,8,0.072037,
Polsat,2025,9,0.077925,
Polsat,2025,10,0.078038,
Polsat,2025,11,0.073155,
Polsat,2025,12,0.085918,
Polsat,2026,1,0.077139,
Polsat,2026,2,0.072383,
Polsat,2026,3,0.079510,
Polsat,2026,4,0.080240,
Polsat,2026,5,0.076259,
Polsat,2026,6,0.065614,
Polsat,2026,7,0.055670,
Polsat Cafe,2025,1,0.004016,
Polsat Cafe,2025,2,0.004114,
Polsat Cafe,2025,3,0.003729,
Polsat Cafe,2025,4,0.003708,
Polsat Cafe,2025,5,0.003999,
Polsat Cafe,2025,6,0.005090,
Polsat Cafe,2025,7,0.005224,
Polsat Cafe,2025,8,0.003629,
Polsat Cafe,2025,9,0.003614,
Polsat Cafe,2025,10,0.003738,
Polsat Cafe,2025,11,0.003802,
Polsat Cafe,2025,12,0.003499,
Polsat Cafe,2026,1,0.003274,
Polsat Cafe,2026,2,0.003195,
Polsat Cafe,2026,3,0.002616,
Polsat Cafe,2026,4,0.002385,
Polsat Cafe,2026,5,0.002354,
Polsat Cafe,2026,6,0.002773,
Polsat Cafe,2026,7,0.002457,
Polsat Doku,2025,1,0.001733,
Polsat Doku,2025,2,0.001686,
Polsat Doku,2025,3,0.001564,
Polsat Doku,2025,4,0.001477,
Polsat Doku,2025,5,0.001475,
Polsat Doku,2025,6,0.001639,
Polsat Doku,2025,7,0.001541,
Polsat Doku,2025,8,0.001680,
Polsat Doku,2025,9,0.001104,
Polsat Doku,2025,10,0.001379,
Polsat Doku,2025,11,0.001292,
Polsat Doku,2025,12,0.001065,
Polsat Doku,2026,1,0.001215,
Polsat Doku,2026,2,0.001051,
Polsat Doku,2026,3,0.000745,
Polsat Doku,2026,4,0.000927,
Polsat Doku,2026,5,0.001003,
Polsat Doku,2026,6,0.000970,
Polsat Doku,2026,7,0.000936,
Polsat Film,2025,1,0.006578,
Polsat Film,2025,2,0.006548,
Polsat Film,2025,3,0.004923,
Polsat Film,2025,4,0.005396,
Polsat Film,2025,5,0.004962,
Polsat Film,2025,6,0.005404,
Polsat Film,2025,7,0.005028,
Polsat Film,2025,8,0.005399,
Polsat Film,2025,9,0.004641,
Polsat Film,2025,10,0.004918,
Polsat Film,2025,11,0.005798,
Polsat Film,2025,12,0.007032,
Polsat Film,2026,1,0.006042,
Polsat Film,2026,2,0.005499,
Polsat Film,2026,3,0.005126,
Polsat Film,2026,4,0.005718,
Polsat Film,2026,5,0.005179,
Polsat Film,2026,6,0.005334,
Polsat Film,2026,7,0.003356,
Polsat Film 2,2025,5,0.000166,
Polsat Film 2,2025,6,0.000187,
Polsat Film 2,2025,7,0.000307,
Polsat Film 2,2025,8,0.000157,
Polsat Film 2,2025,9,0.000170,
Polsat Film 2,2025,10,0.000295,
Polsat Film 2,2025,11,0.000430,
Polsat Film 2,2025,12,0.000393,
Polsat Film 2,2026,1,0.000488,
Polsat Film 2,2026,2,0.000483,
Polsat Film 2,2026,3,0.000489,
Polsat Film 2,2026,4,0.000433,
Polsat Film 2,2026,5,0.000558,
Polsat Film 2,2026,6,0.000523,
Polsat Film 2,2026,7,0.000254,
Polsat Games,2025,1,0.000560,
Polsat Games,2025,2,0.000653,
Polsat Games,2025,3,0.000521,
Polsat Games,2025,4,0.000413,
Polsat Games,2025,5,0.000445,
Polsat Games,2025,6,0.000395,
Polsat Games,2025,7,0.000468,
Polsat Games,2025,8,0.000438,
Polsat Games,2025,9,0.000388,
Polsat Games,2025,10,0.000262,
Polsat Games,2025,11,0.000275,
Polsat Games,2025,12,0.000364,
Polsat Games,2026,1,0.000408,
Polsat Games,2026,2,0.000374,
Polsat Games,2026,3,0.000304,
Polsat Games,2026,4,0.000216,
Polsat Games,2026,5,0.000247,
Polsat Games,2026,6,0.000293,
Polsat Games,2026,7,0.000072,
Polsat JimJam,2025,1,0.000950,
Polsat JimJam,2025,2,0.001259,
Polsat JimJam,2025,3,0.001239,
Polsat JimJam,2025,4,0.000977,
Polsat JimJam,2025,5,0.001044,
Polsat JimJam,2025,6,0.000639,
Polsat JimJam,2025,7,0.000905,
Polsat JimJam,2025,8,0.001086,
Polsat JimJam,2025,9,0.000924,
Polsat JimJam,2025,10,0.001550,
Polsat JimJam,2025,11,0.001393,
Polsat JimJam,2025,12,0.001400,
Polsat JimJam,2026,1,0.001101,
Polsat JimJam,2026,2,0.001055,
Polsat JimJam,2026,3,0.000842,
Polsat JimJam,2026,4,0.000712,
Polsat JimJam,2026,5,0.001000,
Polsat JimJam,2026,6,0.000969,
Polsat JimJam,2026,7,0.000549,
Polsat Music HD,2025,1,0.000456,
Polsat Music HD,2025,2,0.000503,
Polsat Music HD,2025,3,0.000422,
Polsat Music HD,2025,4,0.000351,
Polsat Music HD,2025,5,0.000529,
Polsat Music HD,2025,6,0.000483,
Polsat Music HD,2025,7,0.000580,
Polsat Music HD,2025,8,0.000422,
Polsat Music HD,2025,9,0.000316,
Polsat Music HD,2025,10,0.000313,
Polsat Music HD,2025,11,0.000391,
Polsat Music HD,2025,12,0.000396,
Polsat Music HD,2026,1,0.000324,
Polsat Music HD,2026,2,0.000261,
Polsat Music HD,2026,3,0.000266,
Polsat Music HD,2026,4,0.000344,
Polsat Music HD,2026,5,0.000428,
Polsat Music HD,2026,6,0.000485,
Polsat Music HD,2026,7,0.000334,
Polsat News,2025,1,0.010208,
Polsat News,2025,2,0.011035,
Polsat News,2025,3,0.011170,
Polsat News,2025,4,0.012581,
Polsat News,2025,5,0.014655,
Polsat News,2025,6,0.014055,
Polsat News,2025,7,0.012321,
Polsat News,2025,8,0.012163,
Polsat News,2025,9,0.012042,
Polsat News,2025,10,0.010038,
Polsat News,2025,11,0.009945,
Polsat News,2025,12,0.009544,
Polsat News,2026,1,0.010342,
Polsat News,2026,2,0.010103,
Polsat News,2026,3,0.011432,
Polsat News,2026,4,0.011153,
Polsat News,2026,5,0.009875,
Polsat News,2026,6,0.010370,
Polsat News,2026,7,0.009966,
Polsat News 2,2025,1,0.000788,
Polsat News 2,2025,2,0.000766,
Polsat News 2,2025,3,0.000694,
Polsat News 2,2025,4,0.000729,
Polsat News 2,2025,5,0.000645,
Polsat News 2,2025,6,0.000712,
Polsat News 2,2025,7,0.000615,
Polsat News 2,2025,8,0.000715,
Polsat News 2,2025,9,0.000613,
Polsat News 2,2025,10,0.000568,
Polsat News 2,2025,11,0.000601,
Polsat News 2,2025,12,0.000767,
Polsat News 2,2026,1,0.000762,
Polsat News 2,2026,2,0.000635,
Polsat News 2,2026,3,0.000828,
Polsat News 2,2026,4,0.000819,
Polsat News 2,2026,5,0.000835,
Polsat News 2,2026,6,0.000728,
Polsat News 2,2026,7,0.001012,
Polsat News Polityka,2025,1,0.000855,
Polsat News Polityka,2025,2,0.000820,
Polsat News Polityka,2025,3,0.000808,
Polsat News Polityka,2025,4,0.000851,
Polsat News Polityka,2025,5,0.001642,
Polsat News Polityka,2025,6,0.001161,
Polsat News Polityka,2025,7,0.000694,
Polsat News Polityka,2025,8,0.000783,
Polsat News Polityka,2025,9,0.000586,
Polsat News Polityka,2025,10,0.000441,
Polsat News Polityka,2025,11,0.000469,
Polsat News Polityka,2025,12,0.000409,
Polsat News Polityka,2026,1,0.000442,
Polsat News Polityka,2026,2,0.000492,
Polsat News Polityka,2026,3,0.000626,
Polsat News Polityka,2026,4,0.000578,
Polsat News Polityka,2026,5,0.000564,
Polsat News Polityka,2026,6,0.000478,
Polsat News Polityka,2026,7,0.001482,
Polsat Play,2025,1,0.005800,
Polsat Play,2025,2,0.005681,
Polsat Play,2025,3,0.005082,
Polsat Play,2025,4,0.004761,
Polsat Play,2025,5,0.004659,
Polsat Play,2025,6,0.005170,
Polsat Play,2025,7,0.004830,
Polsat Play,2025,8,0.004819,
Polsat Play,2025,9,0.004263,
Polsat Play,2025,10,0.004442,
Polsat Play,2025,11,0.004329,
Polsat Play,2025,12,0.004202,
Polsat Play,2026,1,0.003567,
Polsat Play,2026,2,0.003520,
Polsat Play,2026,3,0.002736,
Polsat Play,2026,4,0.003223,
Polsat Play,2026,5,0.003815,
Polsat Play,2026,6,0.003203,
Polsat Play,2026,7,0.003187,
Polsat Reality,2025,5,0.000137,
Polsat Reality,2025,6,0.000475,
Polsat Reality,2025,7,0.000572,
Polsat Reality,2025,8,0.000381,
Polsat Reality,2025,9,0.000351,
Polsat Reality,2025,10,0.000363,
Polsat Reality,2025,11,0.000258,
Polsat Reality,2025,12,0.000323,
Polsat Reality,2026,1,0.000609,
Polsat Reality,2026,2,0.000663,
Polsat Reality,2026,3,0.000606,
Polsat Reality,2026,4,0.000444,
Polsat Reality,2026,5,0.000518,
Polsat Reality,2026,6,0.000415,
Polsat Reality,2026,7,0.000242,
Polsat Rodzina,2025,1,0.000885,
Polsat Rodzina,2025,2,0.000832,
Polsat Rodzina,2025,3,0.000955,
Polsat Rodzina,2025,4,0.000901,
Polsat Rodzina,2025,5,0.000947,
Polsat Rodzina,2025,6,0.000752,
Polsat Rodzina,2025,7,0.000685,
Polsat Rodzina,2025,8,0.001172,
Polsat Rodzina,2025,9,0.000849,
Polsat Rodzina,2025,10,0.000842,
Polsat Rodzina,2025,11,0.001263,
Polsat Rodzina,2025,12,0.001033,
Polsat Rodzina,2026,1,0.000939,
Polsat Rodzina,2026,2,0.000882,
Polsat Rodzina,2026,3,0.001031,
Polsat Rodzina,2026,4,0.000978,
Polsat Rodzina,2026,5,0.000743,
Polsat Rodzina,2026,6,0.001067,
Polsat Rodzina,2026,7,0.001882,
Polsat Seriale,2025,1,0.004599,
Polsat Seriale,2025,2,0.004126,
Polsat Seriale,2025,3,0.004367,
Polsat Seriale,2025,4,0.003925,
Polsat Seriale,2025,5,0.003741,
Polsat Seriale,2025,6,0.003841,
Polsat Seriale,2025,7,0.003393,
Polsat Seriale,2025,8,0.004090,
Polsat Seriale,2025,9,0.003307,
Polsat Seriale,2025,10,0.003226,
Polsat Seriale,2025,11,0.003475,
Polsat Seriale,2025,12,0.003251,
Polsat Seriale,2026,1,0.003984,
Polsat Seriale,2026,2,0.004072,
Polsat Seriale,2026,3,0.003912,
Polsat Seriale,2026,4,0.004315,
Polsat Seriale,2026,5,0.004128,
Polsat Seriale,2026,6,0.004256,
Polsat Seriale,2026,7,0.002461,
Polsat Sport 1,2025,1,0.004083,
Polsat Sport 1,2025,2,0.003805,
Polsat Sport 1,2025,3,0.004650,
Polsat Sport 1,2025,4,0.005152,
Polsat Sport 1,2025,5,0.003859,
Polsat Sport 1,2025,6,0.006076,
Polsat Sport 1,2025,7,0.012907,
Polsat Sport 1,2025,8,0.007779,
Polsat Sport 1,2025,9,0.008523,
Polsat Sport 1,2025,10,0.003257,
Polsat Sport 1,2025,11,0.003616,
Polsat Sport 1,2025,12,0.003100,
Polsat Sport 1,2026,1,0.004350,
Polsat Sport 1,2026,2,0.003573,
Polsat Sport 1,2026,3,0.003798,
Polsat Sport 1,2026,4,0.002760,
Polsat Sport 1,2026,5,0.003754,
Polsat Sport 1,2026,6,0.006966,
Polsat Sport 1,2026,7,0.007525,
Polsat Sport 2,2025,1,0.000929,
Polsat Sport 2,2025,2,0.001032,
Polsat Sport 2,2025,3,0.001183,
Polsat Sport 2,2025,4,0.000714,
Polsat Sport 2,2025,5,0.001122,
Polsat Sport 2,2025,6,0.001361,
Polsat Sport 2,2025,7,0.001914,
Polsat Sport 2,2025,8,0.000931,
Polsat Sport 2,2025,9,0.001116,
Polsat Sport 2,2025,10,0.001392,
Polsat Sport 2,2025,11,0.001427,
Polsat Sport 2,2025,12,0.001042,
Polsat Sport 2,2026,1,0.000786,
Polsat Sport 2,2026,2,0.000694,
Polsat Sport 2,2026,3,0.000876,
Polsat Sport 2,2026,4,0.000733,
Polsat Sport 2,2026,5,0.000856,
Polsat Sport 2,2026,6,0.001175,
Polsat Sport 2,2026,7,0.001882,
Polsat Sport 3,2025,1,0.000663,
Polsat Sport 3,2025,2,0.000607,
Polsat Sport 3,2025,3,0.000768,
Polsat Sport 3,2025,4,0.000423,
Polsat Sport 3,2025,5,0.000559,
Polsat Sport 3,2025,6,0.000638,
Polsat Sport 3,2025,7,0.000902,
Polsat Sport 3,2025,8,0.000447,
Polsat Sport 3,2025,9,0.000623,
Polsat Sport 3,2025,10,0.000505,
Polsat Sport 3,2025,11,0.000636,
Polsat Sport 3,2025,12,0.000408,
Polsat Sport 3,2026,1,0.000543,
Polsat Sport 3,2026,2,0.000426,
Polsat Sport 3,2026,3,0.000443,
Polsat Sport 3,2026,4,0.000382,
Polsat Sport 3,2026,5,0.000467,
Polsat Sport 3,2026,6,0.000787,
Polsat Sport 3,2026,7,0.001147,
Polsat Viasat Explore,2025,1,0.001934,
Polsat Viasat Explore,2025,2,0.001680,
Polsat Viasat Explore,2025,3,0.001052,
Polsat Viasat Explore,2025,4,0.001374,
Polsat Viasat Explore,2025,5,0.001335,
Polsat Viasat Explore,2025,6,0.001269,
Polsat Viasat Explore,2025,7,0.000941,
Polsat Viasat Explore,2025,8,0.001105,
Polsat Viasat Explore,2025,9,0.001046,
Polsat Viasat Explore,2025,10,0.000922,
Polsat Viasat Explore,2025,11,0.000961,
Polsat Viasat Explore,2025,12,0.000891,
Polsat Viasat Explore,2026,1,0.001025,
Polsat Viasat Explore,2026,2,0.001211,
Polsat Viasat Explore,2026,3,0.000867,
Polsat Viasat Explore,2026,4,0.000918,
Polsat Viasat Explore,2026,5,0.000832,
Polsat Viasat Explore,2026,6,0.001033,
Polsat Viasat Explore,2026,7,0.000991,
Polsat Viasat History,2025,1,0.001598,
Polsat Viasat History,2025,2,0.001746,
Polsat Viasat History,2025,3,0.001407,
Polsat Viasat History,2025,4,0.001549,
Polsat Viasat History,2025,5,0.001450,
Polsat Viasat History,2025,6,0.002152,
Polsat Viasat History,2025,7,0.002018,
Polsat Viasat History,2025,8,0.002085,
Polsat Viasat History,2025,9,0.002259,
Polsat Viasat History,2025,10,0.002005,
Polsat Viasat History,2025,11,0.001753,
Polsat Viasat History,2025,12,0.001878,
Polsat Viasat History,2026,1,0.001348,
Polsat Viasat History,2026,2,0.001298,
Polsat Viasat History,2026,3,0.000907,
Polsat Viasat History,2026,4,0.001312,
Polsat Viasat History,2026,5,0.000953,
Polsat Viasat History,2026,6,0.000994,
Polsat Viasat History,2026,7,0.001076,
Polsat Viasat Nature,2025,1,0.000649,
Polsat Viasat Nature,2025,2,0.000549,
Polsat Viasat Nature,2025,3,0.000520,
Polsat Viasat Nature,2025,4,0.000471,
Polsat Viasat Nature,2025,5,0.000425,
Polsat Viasat Nature,2025,6,0.000511,
Polsat Viasat Nature,2025,7,0.000602,
Polsat Viasat Nature,2025,8,0.000432,
Polsat Viasat Nature,2025,9,0.000330,
Polsat Viasat Nature,2025,10,0.000546,
Polsat Viasat Nature,2025,11,0.000487,
Polsat Viasat Nature,2025,12,0.000393,
Polsat Viasat Nature,2026,1,0.000487,
Polsat Viasat Nature,2026,2,0.000613,
Polsat Viasat Nature,2026,3,0.000386,
Polsat Viasat Nature,2026,4,0.000350,
Polsat Viasat Nature,2026,5,0.000476,
Polsat Viasat Nature,2026,6,0.000370,
Polsat Viasat Nature,2026,7,0.000509,
Polsat X,2025,5,0.000067,
Polsat X,2025,6,0.000089,
Polsat X,2025,7,0.000051,
Polsat X,2025,8,0.000263,
Polsat X,2025,9,0.000313,
Polsat X,2025,10,0.000322,
Polsat X,2025,11,0.000253,
Polsat X,2025,12,0.000364,
Polsat X,2026,1,0.000322,
Polsat X,2026,2,0.000331,
Polsat X,2026,3,0.000371,
Polsat X,2026,4,0.000325,
Polsat X,2026,5,0.000313,
Polsat X,2026,6,0.001056,
Polsat X,2026,7,0.000122,
Polsat2,2025,1,0.008824,
Polsat2,2025,2,0.008793,
Polsat2,2025,3,0.007715,
Polsat2,2025,4,0.007488,
Polsat2,2025,5,0.007376,
Polsat2,2025,6,0.008613,
Polsat2,2025,7,0.008434,
Polsat2,2025,8,0.008611,
Polsat2,2025,9,0.008113,
Polsat2,2025,10,0.008467,
Polsat2,2025,11,0.008730,
Polsat2,2025,12,0.008628,
Polsat2,2026,1,0.008800,
Polsat2,2026,2,0.007889,
Polsat2,2026,3,0.006726,
Polsat2,2026,4,0.006587,
Polsat2,2026,5,0.007425,
Polsat2,2026,6,0.006985,
Polsat2,2026,7,0.007366,
Puls 2,2025,1,0.018969,
Puls 2,2025,2,0.021585,
Puls 2,2025,3,0.020582,
Puls 2,2025,4,0.019492,
Puls 2,2025,5,0.017723,
Puls 2,2025,6,0.016052,
Puls 2,2025,7,0.016443,
Puls 2,2025,8,0.016148,
Puls 2,2025,9,0.015812,
Puls 2,2025,10,0.016882,
Puls 2,2025,11,0.018382,
Puls 2,2025,12,0.019498,
Puls 2,2026,1,0.017112,
Puls 2,2026,2,0.015178,
Puls 2,2026,3,0.015778,
Puls 2,2026,4,0.018984,
Puls 2,2026,5,0.016387,
Puls 2,2026,6,0.014073,
Puls 2,2026,7,0.015208,
Republika,2025,1,0.029328,
Republika,2025,2,0.029030,
Republika,2025,3,0.031089,
Republika,2025,4,0.036332,
Republika,2025,5,0.039766,
Republika,2025,6,0.042458,
Republika,2025,7,0.041039,
Republika,2025,8,0.036643,
Republika,2025,9,0.036405,
Republika,2025,10,0.032531,
Republika,2025,11,0.031956,
Republika,2025,12,0.030984,
Republika,2026,1,0.035888,
Republika,2026,2,0.034032,
Republika,2026,3,0.033482,
Republika,2026,4,0.031812,
Republika,2026,5,0.034015,
Republika,2026,6,0.031158,
Republika,2026,7,0.029493,
Scifi Universal,2025,1,0.000685,
Scifi Universal,2025,2,0.000871,
Scifi Universal,2025,3,0.000985,
Scifi Universal,2025,4,0.000938,
Scifi Universal,2025,5,0.000731,
Scifi Universal,2025,6,0.000694,
Scifi Universal,2025,7,0.000768,
Scifi Universal,2025,8,0.000887,
Scifi Universal,2025,9,0.000659,
Scifi Universal,2025,10,0.000686,
Scifi Universal,2025,11,0.000854,
Scifi Universal,2025,12,0.001395,
Scifi Universal,2026,1,0.001690,
Scifi Universal,2026,2,0.001221,
Scifi Universal,2026,3,0.001061,
Scifi Universal,2026,4,0.000762,
Scifi Universal,2026,5,0.000592,
Scifi Universal,2026,6,0.000690,
Scifi Universal,2026,7,0.001197,
Stars.tv,2025,1,0.001799,
Stars.tv,2025,2,0.001976,
Stars.tv,2025,3,0.001895,
Stars.tv,2025,4,0.002200,
Stars.tv,2025,5,0.002362,
Stars.tv,2025,6,0.002724,
Stars.tv,2025,7,0.002040,
Stars.tv,2025,8,0.002301,
Stars.tv,2025,9,0.002318,
Stars.tv,2025,10,0.002613,
Stars.tv,2025,11,0.002094,
Stars.tv,2025,12,0.002857,
Stars.tv,2026,1,0.002136,
Stars.tv,2026,2,0.001979,
Stars.tv,2026,3,0.002098,
Stars.tv,2026,4,0.002444,
Stars.tv,2026,5,0.002252,
Stars.tv,2026,6,0.001894,
Stars.tv,2026,7,0.001290,
Stopklatka,2025,1,0.011671,
Stopklatka,2025,2,0.011416,
Stopklatka,2025,3,0.011767,
Stopklatka,2025,4,0.011637,
Stopklatka,2025,5,0.011038,
Stopklatka,2025,6,0.011829,
Stopklatka,2025,7,0.012512,
Stopklatka,2025,8,0.012830,
Stopklatka,2025,9,0.012614,
Stopklatka,2025,10,0.011853,
Stopklatka,2025,11,0.011756,
Stopklatka,2025,12,0.010980,
Stopklatka,2026,1,0.011416,
Stopklatka,2026,2,0.010111,
Stopklatka,2026,3,0.010947,
Stopklatka,2026,4,0.011638,
Stopklatka,2026,5,0.010373,
Stopklatka,2026,6,0.010383,
Stopklatka,2026,7,0.008169,
Sundance Channel,2025,1,0.000141,
Sundance Channel,2025,2,0.000169,
Sundance Channel,2025,3,0.000184,
Sundance Channel,2025,4,0.000167,
Sundance Channel,2025,5,0.000077,
Sundance Channel,2025,6,0.000103,
Sundance Channel,2025,7,0.000140,
Sundance Channel,2025,8,0.000136,
Sundance Channel,2025,9,0.000129,
Sundance Channel,2025,10,0.000081,
Sundance Channel,2025,11,0.000094,
Sundance Channel,2025,12,0.000071,
Sundance Channel,2026,1,0.000142,
Sundance Channel,2026,2,0.000140,
Sundance Channel,2026,3,0.000153,
Sundance Channel,2026,4,0.000168,
Sundance Channel,2026,5,0.000150,
Sundance Channel,2026,6,0.000222,
Sundance Channel,2026,7,0.000088,
Super Polsat,2025,1,0.010974,
Super Polsat,2025,2,0.010739,
Super Polsat,2025,3,0.009781,
Super Polsat,2025,4,0.011226,
Super Polsat,2025,5,0.011019,
Super Polsat,2025,6,0.011099,
Super Polsat,2025,7,0.011161,
Super Polsat,2025,8,0.011083,
Super Polsat,2025,9,0.009487,
Super Polsat,2025,10,0.010421,
Super Polsat,2025,11,0.011187,
Super Polsat,2025,12,0.011940,
Super Polsat,2026,1,0.011641,
Super Polsat,2026,2,0.011545,
Super Polsat,2026,3,0.010909,
Super Polsat,2026,4,0.011981,
Super Polsat,2026,5,0.010008,
Super Polsat,2026,6,0.011813,
Super Polsat,2026,7,0.008902,
Tele5,2025,1,0.000913,
Tele5,2025,2,0.000804,
Tele5,2025,3,0.000853,
Tele5,2025,4,0.000624,
Tele5,2025,5,0.000543,
Tele5,2025,6,0.000676,
Tele5,2025,7,0.000807,
Tele5,2025,8,0.000855,
Tele5,2025,9,0.000954,
Tele5,2025,10,0.000937,
Tele5,2025,11,0.000828,
Tele5,2025,12,0.000879,
Tele5,2026,1,0.001111,
Tele5,2026,2,0.001015,
Tele5,2026,3,0.000822,
Tele5,2026,4,0.000746,
Tele5,2026,5,0.000950,
Tele5,2026,6,0.000924,
Tele5,2026,7,0.000503,
teleTOON+,2025,1,0.000569,
teleTOON+,2025,2,0.000432,
teleTOON+,2025,3,0.000404,
teleTOON+,2025,4,0.000291,
teleTOON+,2025,5,0.000302,
teleTOON+,2025,6,0.000385,
teleTOON+,2025,7,0.000354,
teleTOON+,2025,8,0.000413,
teleTOON+,2025,9,0.000248,
teleTOON+,2025,10,0.000289,
teleTOON+,2025,11,0.000365,
teleTOON+,2025,12,0.000343,
teleTOON+,2026,1,0.000355,
teleTOON+,2026,2,0.000327,
teleTOON+,2026,3,0.000360,
teleTOON+,2026,4,0.000268,
teleTOON+,2026,5,0.000323,
teleTOON+,2026,6,0.000278,
teleTOON+,2026,7,0.000278,
TV PULS,2025,1,0.036929,
TV PULS,2025,2,0.034363,
TV PULS,2025,3,0.042692,
TV PULS,2025,4,0.044674,
TV PULS,2025,5,0.041480,
TV PULS,2025,6,0.038625,
TV PULS,2025,7,0.035421,
TV PULS,2025,8,0.038467,
TV PULS,2025,9,0.040309,
TV PULS,2025,10,0.043688,
TV PULS,2025,11,0.041953,
TV PULS,2025,12,0.040212,
TV PULS,2026,1,0.036770,
TV PULS,2026,2,0.033127,
TV PULS,2026,3,0.038554,
TV PULS,2026,4,0.040049,
TV PULS,2026,5,0.039444,
TV PULS,2026,6,0.037032,
TV PULS,2026,7,0.036825,
TV4 pl,2025,1,0.029666,
TV4 pl,2025,2,0.028515,
TV4 pl,2025,3,0.031752,
TV4 pl,2025,4,0.033259,
TV4 pl,2025,5,0.031358,
TV4 pl,2025,6,0.028181,
TV4 pl,2025,7,0.028863,
TV4 pl,2025,8,0.028114,
TV4 pl,2025,9,0.033054,
TV4 pl,2025,10,0.035075,
TV4 pl,2025,11,0.035234,
TV4 pl,2025,12,0.030084,
TV4 pl,2026,1,0.030407,
TV4 pl,2026,2,0.028894,
TV4 pl,2026,3,0.032421,
TV4 pl,2026,4,0.031915,
TV4 pl,2026,5,0.033485,
TV4 pl,2026,6,0.028109,
TV4 pl,2026,7,0.025003,
TV6,2025,1,0.016426,
TV6,2025,2,0.017077,
TV6,2025,3,0.015168,
TV6,2025,4,0.016541,
TV6,2025,5,0.017492,
TV6,2025,6,0.018053,
TV6,2025,7,0.018164,
TV6,2025,8,0.017547,
TV6,2025,9,0.016733,
TV6,2025,10,0.019082,
TV6,2025,11,0.017952,
TV6,2025,12,0.018406,
TV6,2026,1,0.018304,
TV6,2026,2,0.018670,
TV6,2026,3,0.019090,
TV6,2026,4,0.016708,
TV6,2026,5,0.016372,
TV6,2026,6,0.016383,
TV6,2026,7,0.017270,
TVT,2025,9,0.000058,
TVT,2025,10,0.000071,
TVT,2025,11,0.000040,
TVT,2025,12,0.000055,
TVT,2026,1,0.000041,
TVT,2026,2,0.000127,
TVT,2026,3,0.000037,
TVT,2026,4,0.000021,
TVT,2026,5,0.000072,
TVT,2026,6,0.000118,
TVT,2026,7,0.000005,
Viasat Epic Drama,2025,1,0.000994,
Viasat Epic Drama,2025,2,0.001096,
Viasat Epic Drama,2025,3,0.000971,
Viasat Epic Drama,2025,4,0.001263,
Viasat Epic Drama,2025,5,0.000936,
Viasat Epic Drama,2025,6,0.000999,
Viasat Epic Drama,2025,7,0.001084,
Viasat Epic Drama,2025,8,0.001096,
Viasat Epic Drama,2025,9,0.000806,
Viasat Epic Drama,2025,10,0.000814,
Viasat Epic Drama,2025,11,0.000910,
Viasat Epic Drama,2025,12,0.001132,
Viasat Epic Drama,2026,1,0.000879,
Viasat Epic Drama,2026,2,0.000853,
Viasat Epic Drama,2026,3,0.000666,
Viasat Epic Drama,2026,4,0.000694,
Viasat Epic Drama,2026,5,0.000348,
Viasat Epic Drama,2026,6,0.000550,
Viasat Epic Drama,2026,7,0.000770,
Viasat True Crime,2025,1,0.000463,
Viasat True Crime,2025,2,0.000347,
Viasat True Crime,2025,3,0.000260,
Viasat True Crime,2025,4,0.000255,
Viasat True Crime,2025,5,0.000225,
Viasat True Crime,2025,6,0.000501,
Viasat True Crime,2025,7,0.000597,
Viasat True Crime,2025,8,0.000524,
Viasat True Crime,2025,9,0.000475,
Viasat True Crime,2025,10,0.000350,
Viasat True Crime,2025,11,0.000485,
Viasat True Crime,2025,12,0.000324,
Viasat True Crime,2026,1,0.000309,
Viasat True Crime,2026,2,0.000380,
Viasat True Crime,2026,3,0.000280,
Viasat True Crime,2026,4,0.000248,
Viasat True Crime,2026,5,0.000340,
Viasat True Crime,2026,6,0.000328,
Viasat True Crime,2026,7,0.000121,
Vox Music TV,2025,1,0.000358,
Vox Music TV,2025,2,0.000329,
Vox Music TV,2025,3,0.000274,
Vox Music TV,2025,4,0.000252,
Vox Music TV,2025,5,0.000217,
Vox Music TV,2025,6,0.000336,
Vox Music TV,2025,7,0.000417,
Vox Music TV,2025,8,0.000467,
Vox Music TV,2025,9,0.000312,
Vox Music TV,2025,10,0.000324,
Vox Music TV,2025,11,0.000256,
Vox Music TV,2025,12,0.000347,
Vox Music TV,2026,1,0.000384,
Vox Music TV,2026,2,0.000254,
Vox Music TV,2026,3,0.000255,
Vox Music TV,2026,4,0.000253,
Vox Music TV,2026,5,0.000282,
Vox Music TV,2026,6,0.000334,
Vox Music TV,2026,7,0.000174,
Water Planet,2025,1,0.000029,
Water Planet,2025,2,0.000038,
Water Planet,2025,3,0.000035,
Water Planet,2025,4,0.000059,
Water Planet,2025,5,0.000032,
Water Planet,2025,6,0.000033,
Water Planet,2025,7,0.000045,
Water Planet,2025,8,0.000033,
Water Planet,2025,9,0.000070,
Water Planet,2025,10,0.000080,
Water Planet,2025,11,0.000067,
Water Planet,2025,12,0.000031,
Water Planet,2026,1,0.000049,
Water Planet,2026,2,0.000072,
Water Planet,2026,3,0.000085,
Water Planet,2026,4,0.000042,
Water Planet,2026,5,0.000201,
Water Planet,2026,6,0.000053,
Water Planet,2026,7,0.000046,
WP,2025,1,0.007838,
WP,2025,2,0.007727,
WP,2025,3,0.007490,
WP,2025,4,0.006443,
WP,2025,5,0.005869,
WP,2025,6,0.007046,
WP,2025,7,0.006507,
WP,2025,8,0.006576,
WP,2025,9,0.005540,
WP,2025,10,0.004836,
WP,2025,11,0.004630,
WP,2025,12,0.005666,
WP,2026,1,0.005719,
WP,2026,2,0.005103,
WP,2026,3,0.004979,
WP,2026,4,0.004906,
WP,2026,5,0.005312,
WP,2026,6,0.004439,
WP,2026,7,0.005594,
wPolsce24,2025,1,0.004622,
wPolsce24,2025,2,0.005287,
wPolsce24,2025,3,0.005438,
wPolsce24,2025,4,0.006441,
wPolsce24,2025,5,0.007364,
wPolsce24,2025,6,0.008713,
wPolsce24,2025,7,0.008228,
wPolsce24,2025,8,0.006994,
wPolsce24,2025,9,0.006431,
wPolsce24,2025,10,0.006580,
wPolsce24,2025,11,0.006924,
wPolsce24,2025,12,0.007289,
wPolsce24,2026,1,0.008309,
wPolsce24,2026,2,0.007776,
wPolsce24,2026,3,0.009624,
wPolsce24,2026,4,0.007797,
wPolsce24,2026,5,0.007993,
wPolsce24,2026,6,0.007908,
wPolsce24,2026,7,0.006631,
Wydarzenia24,2025,1,0.008243,
Wydarzenia24,2025,2,0.008971,
Wydarzenia24,2025,3,0.008881,
Wydarzenia24,2025,4,0.008919,
Wydarzenia24,2025,5,0.011402,
Wydarzenia24,2025,6,0.012175,
Wydarzenia24,2025,7,0.011810,
Wydarzenia24,2025,8,0.011602,
Wydarzenia24,2025,9,0.011016,
Wydarzenia24,2025,10,0.010865,
Wydarzenia24,2025,11,0.011900,
Wydarzenia24,2025,12,0.011001,
Wydarzenia24,2026,1,0.010814,
Wydarzenia24,2026,2,0.010250,
Wydarzenia24,2026,3,0.010766,
Wydarzenia24,2026,4,0.010886,
Wydarzenia24,2026,5,0.010476,
Wydarzenia24,2026,6,0.010748,
Wydarzenia24,2026,7,0.010695,
ZERO,2026,5,0.002690,
ZERO,2026,6,0.001481,
ZERO,2026,7,0.001719,
ZOOM,2025,1,0.006006,
ZOOM,2025,2,0.005984,
ZOOM,2025,3,0.005348,
ZOOM,2025,4,0.005226,
ZOOM,2025,5,0.005095,
ZOOM,2025,6,0.006204,
ZOOM,2025,7,0.006197,
ZOOM,2025,8,0.006442,
ZOOM,2025,9,0.005642,
ZOOM,2025,10,0.005719,
ZOOM,2025,11,0.005696,
ZOOM,2025,12,0.005310,
ZOOM,2026,1,0.003983,
ZOOM,2026,2,0.004387,
ZOOM,2026,3,0.004310,
ZOOM,2026,4,0.004185,
ZOOM,2026,5,0.004437,
ZOOM,2026,6,0.003246,
ZOOM,2026,7,0.003447,
TVN,2025,1,0.076122,
TVN,2025,2,0.071852,
TVN,2025,3,0.077873,
TVN,2025,4,0.075776,
TVN,2025,5,0.073109,
TVN,2025,6,0.074680,
TVN,2025,7,0.066522,
TVN,2025,8,0.067387,
TVN,2025,9,0.081757,
TVN,2025,10,0.082953,
TVN,2025,11,0.080559,
TVN,2025,12,0.078920,
TVN,2026,1,0.076727,
TVN,2026,2,0.075707,
TVN,2026,3,0.087623,
TVN,2026,4,0.087802,
TVN,2026,5,0.085019,
TVN,2026,6,0.075400,
TVN,2026,7,0.075339,
TVP1,2025,1,0.046021,
TVP1,2025,2,0.043921,
TVP1,2025,3,0.047409,
TVP1,2025,4,0.047584,
TVP1,2025,5,0.053499,
TVP1,2025,6,0.052594,
TVP1,2025,7,0.046325,
TVP1,2025,8,0.045199,
TVP1,2025,9,0.047660,
TVP1,2025,10,0.045222,
TVP1,2025,11,0.048542,
TVP1,2025,12,0.044342,
TVP1,2026,1,0.045056,
TVP1,2026,2,0.049938,
TVP1,2026,3,0.045358,
TVP1,2026,4,0.044136,
TVP1,2026,5,0.047249,
TVP1,2026,6,0.067311,
TVP1,2026,7,0.080037,
TVP2,2025,1,0.047040,
TVP2,2025,2,0.048256,
TVP2,2025,3,0.048203,
TVP2,2025,4,0.045417,
TVP2,2025,5,0.038860,
TVP2,2025,6,0.033864,
TVP2,2025,7,0.040029,
TVP2,2025,8,0.037540,
TVP2,2025,9,0.048664,
TVP2,2025,10,0.046329,
TVP2,2025,11,0.047224,
TVP2,2025,12,0.049136,
TVP2,2026,1,0.050029,
TVP2,2026,2,0.050424,
TVP2,2026,3,0.049482,
TVP2,2026,4,0.046537,
TVP2,2026,5,0.047725,
TVP2,2026,6,0.044827,
TVP2,2026,7,0.055249,
Kabaret TV,2025,1,0.001663,
Kabaret TV,2025,2,0.002083,
Kabaret TV,2025,3,0.001662,
Kabaret TV,2025,4,0.001618,
Kabaret TV,2025,5,0.001581,
Kabaret TV,2025,6,0.001885,
Kabaret TV,2025,7,0.001936,
Kabaret TV,2025,8,0.001711,
Kabaret TV,2025,9,0.001733,
Kabaret TV,2025,10,0.001585,
Kabaret TV,2025,11,0.001870,
Kabaret TV,2025,12,0.001482,
Kabaret TV,2026,1,0.001646,
Kabaret TV,2026,2,0.001362,
Kabaret TV,2026,3,0.001431,
Kabaret TV,2026,4,0.001864,
Kabaret TV,2026,5,0.001619,
Kabaret TV,2026,6,0.001631,
Kabaret TV,2026,7,0.000580,
CBS Reality,2025,1,0.000286,
CBS Reality,2025,2,0.000305,
CBS Reality,2025,3,0.000288,
CBS Reality,2025,4,0.000266,
CBS Reality,2025,5,0.000124,
CBS Reality,2025,6,0.000151,
CBS Reality,2025,7,0.000140,
CBS Reality,2025,8,0.000309,
CBS Reality,2025,9,0.000182,
CBS Reality,2025,10,0.000096,
CBS Reality,2025,11,0.000128,
CBS Reality,2025,12,0.000160,
Film Cafe,2025,1,0.000997,
Film Cafe,2025,2,0.000696,
Film Cafe,2025,3,0.000814,
Film Cafe,2025,4,0.001110,
Film Cafe,2025,5,0.000902,
Film Cafe,2025,6,0.000607,
Film Cafe,2025,7,0.000529,
Film Cafe,2025,8,0.000584,
Film Cafe,2025,9,0.000482,
Film Cafe,2025,10,0.000576,
Film Cafe,2025,11,0.000851,
Film Cafe,2025,12,0.000699,
